APFP,COUNT
12846129,1
12846146,3
12846149,1
12846150,1
12846151,1
12846160,3
12846192,1
12846404,3
12846407,4
12846408,4
12846409,1
12846410,1
12846411,4
12846413,3
12846414,3
12846417,2
12846418,2
12846419,1
12846437,3
12846438,4
12846439,3
12846440,1
12846441,3
12846442,3
12846443,3
12846445,3
12846447,3
12846448,2
12846451,1
12847214,3
12847428,3
12847429,3
12847436,3
12847441,2
12847459,3
12847468,3
12848161,5
12848166,1
12848167,1
12848168,1
12848193,4
12848196,1
12848197,1
12848198,1
12848208,3
12848417,5
12848422,1
12848423,1
12848424,1
12848432,3
12849192,2
12849204,1
12851333,1
12851334,1
12851335,1
14812193,1
14812195,1
14812198,1
14812201,1
14812203,4
14812205,1
14812206,1
14812207,1
14812212,1
14812214,1
14812225,10
14812226,10
14812228,1
14812229,6
14812230,6
14812231,2
14812232,3
14812233,3
14812234,1
14812236,1
14812237,2
14812238,2
14812239,1
14812240,1
14812241,1
14812243,2
14812244,1
14812264,1
14812266,1
14812299,1
14812300,1
14812303,1
14812482,4
14812483,6
14812484,5
14812485,6
14812486,6
14812487,4
14812488,10
14812489,4
14812490,6
14812491,6
14812492,3
14812493,2
14812494,3
14812495,2
14812496,1
14812513,7
14812514,10
14812515,12
14812516,9
14812517,9
14812518,10
14812519,8
14812520,8
14812521,9
14812522,8
14812523,7
14812524,8
14812525,3
14812526,3
14812527,2
14812528,1
14812529,1
14812744,1
14813226,1
14813227,1
14813250,1
14813253,1
14813254,4
14813257,3
14813258,1
14813259,2
14813260,1
14813261,1
14813263,1
14813264,1
14813282,1
14813283,3
14813284,6
14813286,2
14813287,3
14813289,1
14813292,1
14813293,1
14813295,1
14813298,2
14813301,1
14813476,1
14813506,5
14813508,7
14813509,2
14813511,8
14813512,5
14813513,2
14813514,1
14813515,1
14813516,1
14813538,1
14813543,1
14813544,1
14813545,1
14813737,1
14814253,4
14814255,1
14814277,1
14814279,6
14814281,2
14814282,4
14814284,1
14814285,1
14814286,1
14814500,2
14814502,1
14814503,1
14814505,1
14814506,1
14814507,4
14814508,1
14814509,1
14814511,1
14814532,1
14814533,1
14814539,1
14815276,1
14815277,1
14815280,1
14815281,1
14818371,2
14877735,2
14877736,1
14877739,1
14877741,3
14877743,1
14877761,6
14877762,6
14877764,1
14877767,1
14877772,3
14878022,6
14878023,3
14878025,2
14878026,2
14878027,4
14878028,1
14878030,3
14878031,3
14878052,5
14878053,6
14878054,5
14878055,1
14878056,6
14878057,3
14878058,4
14878059,5
14878061,4
14878064,3
14878278,2
14878279,2
14878283,3
14878284,3
14878763,1
14878764,2
14878769,3
14878793,1
14878819,6
14879045,2
14879047,3
14879049,1
14879050,5
14879051,1
14879052,4
14879055,3
14879777,6
14879822,1
14880037,3
14880807,1
14943265,203
14943266,42
14943267,13
14943268,27
14943269,48
14943270,49
14943271,13
14943272,11
14943273,35
14943274,12
14943275,50
14943276,132
14943277,20
14943278,22
14943279,16
14943280,64
14943281,16
14943282,12
14943283,1
14943287,2
14943297,68
14943298,175
14943299,135
14943300,13
14943301,100
14943302,58
14943303,42
14943304,17
14943305,21
14943306,28
14943307,45
14943308,66
14943309,48
14943310,16
14943311,7
14943312,13
14943313,1
14943314,1
14943315,1
14943318,2
14943329,8
14943330,15
14943331,2
14943332,3
14943333,13
14943335,2
14943336,16
14943337,1
14943338,7
14943339,2
14943340,5
14943341,2
14943342,2
14943346,1
14943361,6
14943362,1
14943363,1
14943364,3
14943365,7
14943366,4
14943367,3
14943368,1
14943369,3
14943372,1
14943374,1
14943375,2
14943531,1
14943554,169
14943555,244
14943556,78
14943557,168
14943558,181
14943559,278
14943560,131
14943561,113
14943562,93
14943563,73
14943564,144
14943565,85
14943566,33
14943567,37
14943568,10
14943569,8
14943570,19
14943571,15
14943572,2
14943573,1
14943585,170
14943586,214
14943587,194
14943588,246
14943589,229
14943590,232
14943591,233
14943592,345
14943593,280
14943594,168
14943595,192
14943596,58
14943597,86
14943598,131
14943599,18
14943600,33
14943601,19
14943602,3
14943603,6
14943604,11
14943812,1
14943813,3
14943814,2
14943815,10
14943816,10
14943817,2
14943818,5
14943819,7
14943820,10
14943821,5
14943822,6
14943823,16
14943824,10
14944289,14
14944294,1
14944295,2
14944296,4
14944297,3
14944298,8
14944299,60
14944300,79
14944301,10
14944303,8
14944304,3
14944305,5
14944306,5
14944308,6
14944309,8
14944321,169
14944323,1
14944324,23
14944325,40
14944326,2
14944328,4
14944329,20
14944330,133
14944331,16
14944332,14
14944333,4
14944335,19
14944337,14
14944338,1
14944341,2
14944353,150
14944355,17
14944356,130
14944357,32
14944358,13
14944359,15
14944360,4
14944361,11
14944362,27
14944363,22
14944364,5
14944365,3
14944366,2
14944367,4
14944578,2
14944579,51
14944580,152
14944581,43
14944582,51
14944583,101
14944584,142
14944585,161
14944586,131
14944587,92
14944588,129
14944589,96
14944590,29
14944591,15
14944592,18
14944593,1
14944594,6
14944595,10
14944596,1
14944597,1
14944609,1
14944612,2
14944613,1
14944614,19
14944615,28
14944616,10
14944617,2
14944618,1
14944623,2
14944805,1
14944806,3
14944809,2
14944811,1
14945315,1
14945316,3
14945317,2
14945318,2
14945319,1
14945321,1
14945322,3
14945323,1
14945324,1
14945325,3
14945326,3
14945327,4
14945347,4
14945348,45
14945349,13
14945350,2
14945351,14
14945352,33
14945353,4
14945354,12
14945355,4
14945356,10
14945357,33
14945358,27
14945359,58
14945360,2
14945361,1
14945569,408
14945573,10
14945574,6
14945575,18
14945576,12
14945577,13
14945579,12
14945580,43
14945581,6
14945582,1
14945583,1
14945584,1
14945585,20
14945608,4
14945614,1
14945615,1
14946339,23
14946340,6
14946341,65
14946342,3
14946343,6
14946344,5
14946345,2
14946346,2
14946347,8
14946349,1
14946350,31
14946351,1
14946352,3
14946353,1
14946355,1
14946357,1
14949514,1
14949520,1
15270956,1
15270979,1
15270980,1
15270987,1
15270988,1
15270989,1
15271020,1
15271050,1
15271236,1
15271237,1
15271242,1
15271265,1
15271267,1
15271270,1
15271271,1
15271273,1
15272002,1
15272042,1
15272264,1
15272997,1
15273037,1
15273260,1
15277195,1
15336482,1
15336483,22
15336484,37
15336485,5
15336486,7
15336487,13
15336488,14
15336489,8
15336490,7
15336491,12
15336492,5
15336493,11
15336494,12
15336495,3
15336496,3
15336497,2
15336514,22
15336515,10
15336516,71
15336517,49
15336518,33
15336519,9
15336520,13
15336521,6
15336522,5
15336523,6
15336524,16
15336525,18
15336526,8
15336527,1
15336546,1
15336549,26
15336554,4
15336556,4
15336557,1
15336578,8
15336579,1
15336580,1
15336584,2
15336587,3
15336588,3
15336589,2
15336769,59
15336770,121
15336771,63
15336772,61
15336773,66
15336774,102
15336775,61
15336776,32
15336777,22
15336778,43
15336779,40
15336780,20
15336781,18
15336782,15
15336783,9
15336801,144
15336802,140
15336803,73
15336804,132
15336805,94
15336806,70
15336807,60
15336808,87
15336809,56
15336810,58
15336811,26
15336812,45
15336813,3
15336814,2
15336815,2
15336816,1
15336817,1
15337027,4
15337028,1
15337031,1
15337032,1
15337035,1
15337506,2
15337507,2
15337509,2
15337513,27
15337514,1
15337515,6
15337517,3
15337538,36
15337539,10
15337540,8
15337541,16
15337543,28
15337544,1
15337545,26
15337547,25
15337549,1
15337551,2
15337570,5
15337571,59
15337572,3
15337573,4
15337574,23
15337575,7
15337576,1
15337577,4
15337578,4
15337579,6
15337580,6
15337581,2
15337582,4
15337584,1
15337793,2
15337794,60
15337795,69
15337796,18
15337797,22
15337798,35
15337799,58
15337800,9
15337801,11
15337802,7
15337803,12
15337804,2
15337805,7
15337806,9
15337807,5
15337828,2
15337831,4
15337832,2
15337833,1
15337834,1
15337836,4
15337837,1
15338020,3
15338024,1
15338025,1
15338028,1
15338531,4
15338534,1
15338535,1
15338536,2
15338537,4
15338540,1
15338541,2
15338542,3
15338546,1
15338563,4
15338564,4
15338565,6
15338566,69
15338567,6
15338568,4
15338569,3
15338570,4
15338571,2
15338572,3
15338573,11
15338574,2
15338575,4
15338576,1
15338787,12
15338788,35
15338789,5
15338790,7
15338791,10
15338792,14
15338793,36
15338794,4
15338795,26
15338796,1
15338797,3
15338798,2
15338799,1
15338800,4
15338819,2
15338821,3
15338825,2
15338826,2
15339557,1
15339559,1
15339561,3
15339563,8
15339564,6
15339565,6
15339566,4
15339567,1
15342663,2
15342722,5
15342724,1
15342725,2
15342726,7
15342727,8
15342728,29
15342729,1
15342734,1
15342735,3
15342920,2
16843812,8
16843813,40
16843814,30
16843815,30
16843816,164
16843817,43
16843818,22
16843819,62
16843820,43
16843821,21
16843822,4
16843823,3
16843824,8
16843825,3
16843826,1
16843827,7
16843828,1
16843829,3
16843830,1
16843844,3
16843845,169
16843846,167
16843847,167
16843848,77
16843849,68
16843850,53
16843851,33
16843852,43
16843853,32
16843854,14
16843855,14
16843856,14
16843857,5
16843858,5
16843859,2
16843860,1
16843877,4
16843878,11
16843879,25
16843880,27
16843881,15
16843882,10
16843883,1
16843884,1
16843885,1
16843886,1
16843887,1
16843907,4
16843910,6
16843911,14
16843912,9
16843913,4
16843914,1
16843916,1
16844075,1
16844098,279
16844099,298
16844100,197
16844101,19
16844102,251
16844103,115
16844104,114
16844105,246
16844106,223
16844107,56
16844108,19
16844109,15
16844110,11
16844111,12
16844112,9
16844113,5
16844114,2
16844115,1
16844129,366
16844130,310
16844131,234
16844132,349
16844133,286
16844134,288
16844135,158
16844136,300
16844137,136
16844138,68
16844139,213
16844140,36
16844141,25
16844142,23
16844143,12
16844144,6
16844145,6
16844146,2
16844147,1
16844148,1
16844357,1
16844358,165
16844359,181
16844360,15
16844362,2
16844835,2
16844836,1
16844838,1
16844839,12
16844840,13
16844841,3
16844842,11
16844843,35
16844844,154
16844845,13
16844847,4
16844867,86
16844868,28
16844869,66
16844870,4
16844871,7
16844872,4
16844873,8
16844874,26
16844875,4
16844876,13
16844877,2
16844878,1
16844879,2
16844880,3
16844881,1
16844882,3
16844899,1
16844900,168
16844901,28
16844902,7
16844903,91
16844904,21
16844905,15
16844906,17
16844907,25
16844908,4
16844909,7
16844910,15
16844911,3
16844912,1
16844913,2
16844914,1
16844915,1
16845122,99
16845123,20
16845124,9
16845125,183
16845126,50
16845127,249
16845128,77
16845129,90
16845130,184
16845131,66
16845132,26
16845133,11
16845134,6
16845135,6
16845136,9
16845137,3
16845154,2
16845155,1
16845157,3
16845158,18
16845159,28
16845160,3
16845161,5
16845162,3
16845163,1
16845167,1
16845350,1
16845351,1
16845352,3
16845353,1
16845355,2
16845859,14
16845861,2
16845862,1
16845863,6
16845864,6
16845865,9
16845866,10
16845867,2
16845868,1
16845869,3
16845871,1
16845872,1
16845873,1
16845874,2
16845875,1
16845876,1
16845891,6
16845893,11
16845894,3
16845895,12
16845896,13
16845897,8
16845898,24
16845899,9
16845900,8
16845901,13
16845902,14
16845903,2
16845904,5
16845905,8
16845906,2
16845907,1
16845908,2
16845909,1
16846116,184
16846117,91
16846118,7
16846119,12
16846120,5
16846121,9
16846122,6
16846123,7
16846124,26
16846125,2
16846127,2
16846128,7
16846129,4
16846130,3
16846150,1
16846152,3
16846154,4
16846155,1
16846883,6
16846884,38
16846887,3
16846888,5
16846889,41
16846890,4
16846892,1
16846893,3
16846894,3
16846895,1
16849987,1
16850000,2
16850023,1
16850051,6
16850052,85
16850053,2
16850055,1
16850056,1
16850057,1
16850058,6
16850059,4
16850060,1
16850063,6
16850064,2
16850242,4
16850245,1
16850246,5
16850247,2
16850248,15
16850249,1
16850250,2
16850251,1
16850252,1
16850253,1
16850256,1
16850980,18
16850983,1
16850984,2
16850985,2
16850986,1
2163746,626
2163747,58
2163748,131
2163749,147
2163750,150
2163751,142
2163752,514
2163753,268
2163754,285
2163755,234
2163756,375
2163757,447
2163758,319
2163759,207
2163760,125
2163761,138
2163762,100
2163763,55
2163764,37
2163765,26
2163766,22
2163767,16
2163768,7
2163769,2
2163770,1
2163771,1
2163772,2
2163773,1
2229281,976
2229282,1064
2229283,1350
2229284,1154
2229285,574
2229286,787
2229287,1196
2229288,872
2229289,651
2229290,681
2229291,1218
2229292,1201
2229293,961
2229294,860
2229295,409
2229296,277
2229297,180
2229298,97
2229299,103
2229300,85
2229301,78
2229302,73
2229303,27
2229304,8
2229305,6
2229306,5
2229307,2
2229308,2
2229309,1
2229313,2572
2229314,2572
2229315,2385
2229316,695
2229317,614
2229318,1001
2229319,931
2229320,858
2229321,371
2229322,981
2229323,995
2229324,420
2229325,512
2229326,372
2229327,203
2229328,93
2229329,91
2229330,112
2229331,107
2229332,76
2229333,25
2229334,17
2229335,9
2229336,7
2229337,4
2229338,2
2294817,326
2294818,106
2294819,75
2294820,60
2294821,131
2294822,88
2294823,168
2294824,188
2294825,139
2294826,67
2294827,96
2294828,154
2294829,199
2294830,147
2294831,53
2294832,19
2294833,12
2294834,26
2294835,13
2294836,25
2294837,25
2294838,7
2294839,1
2294844,1
2294849,990
2294850,977
2294851,531
2294852,224
2294853,125
2294854,279
2294855,348
2294856,150
2294857,97
2294858,75
2294859,89
2294860,175
2294861,169
2294862,81
2294863,20
2294864,33
2294865,45
2294866,58
2294867,38
2294868,21
2294869,16
2294870,4
2294871,2
2294872,2
2294873,2
2294881,17
2294882,173
2294883,67
2294884,19
2294885,20
2294886,26
2294887,26
2294888,4
2294889,3
2294890,6
2294892,9
2294893,6
2294894,2
2294898,2
2294899,4
2294900,5
2294901,2
23135268,1
23135269,1
23135270,3
23135271,3
23135272,3
23135273,7
23135274,1
23135275,2
23135278,2
23135279,1
23135299,2
23135300,1
23135301,3
23135302,3
23135303,2
23135304,2
23135305,4
23135306,6
23135307,5
23135308,6
23135332,1
23135335,2
23135336,4
23135554,22
23135555,17
23135556,6
23135557,4
23135558,6
23135559,3
23135560,7
23135561,11
23135562,5
23135563,5
23135564,3
23135585,24
23135586,11
23135587,15
23135588,21
23135589,16
23135590,15
23135591,19
23135592,11
23135593,9
23135594,8
23135595,2
23135596,2
23135597,3
23136295,3
23136296,5
23136297,1
23136299,1
23136325,2
23136326,3
23136328,2
23136329,1
23136356,2
23136357,2
23136358,1
23136359,4
23136361,1
23136362,4
23136578,2
23136579,5
23136580,1
23136581,17
23136582,6
23136583,12
23136584,11
23136585,2
23136587,1
23136588,1
23136610,2
23136611,5
23136614,2
23136615,5
23137315,7
23137316,1
23137317,1
23137322,2
23137323,2
23137325,2
23137347,1
23137348,1
23137349,1
23137351,2
23137352,3
23137353,1
23137354,3
23137356,1
23137357,6
23137358,1
23137574,1
23137576,2
23137577,3
23137578,3
23137581,1
23137604,1
23138350,2
23141452,2
23141509,1
23141512,2
23141513,2
23141516,1
23142441,2
23145508,2
2360353,198
2360354,25
2360355,32
2360356,7
2360357,4
2360358,30
2360359,59
2360360,76
2360361,57
2360362,27
2360363,28
2360364,58
2360365,62
2360366,52
2360367,27
2360368,11
2360369,8
2360370,13
2360371,14
2360372,1
2360373,5
2360374,7
2360375,2
2360376,1
2360385,181
2360386,150
2360387,90
2360388,103
2360389,88
2360390,56
2360391,105
2360392,83
2360393,62
2360394,40
2360395,70
2360396,82
2360397,66
2360398,27
2360399,16
2360400,7
2360401,5
2360402,10
2360403,13
2360404,5
2360405,1
2360406,1
2360407,1
2360417,32
2360418,7
2360419,11
2360420,1
2360421,1
2360422,5
2360423,4
2360424,9
2360425,10
2360426,18
2360427,11
2360428,5
2360429,9
2360431,1
2360432,1
2360434,1
2360437,1
2360449,5
2360450,2
2360452,1
2360453,4
2360454,3
2360456,1
2360457,5
2688036,2
2688038,3
2688040,6
2688042,4
2688043,4
2688044,4
2688045,3
2688046,3
2688047,5
2688059,1
2688066,7
2688068,1
2688069,3
2688070,3
2688072,3
2688073,1
2688074,3
2688075,4
2688076,4
2688077,3
2688078,5
2688079,4
2688086,2
2688087,2
2688088,2
2688105,2
2688106,2
2688107,2
2688109,2
2688294,1
2753570,316
2753571,1233
2753572,1860
2753573,1577
2753574,2093
2753575,2417
2753576,2341
2753577,1707
2753578,1350
2753579,923
2753580,835
2753581,705
2753582,592
2753583,488
2753584,464
2753585,282
2753586,159
2753587,158
2753588,134
2753589,68
2753590,32
2753591,28
2753592,17
2753593,8
2753594,1
2753601,24
2753602,699
2753603,1621
2753604,2175
2753605,2594
2753606,2384
2753607,2597
2753608,2292
2753609,2317
2753610,1975
2753611,1183
2753612,1271
2753613,1318
2753614,1159
2753615,769
2753616,599
2753617,412
2753618,244
2753619,109
2753620,74
2753621,44
2753622,31
2753623,20
2753624,8
2753625,1
2753626,1
2753633,2
2753634,94
2753635,194
2753636,396
2753637,583
2753638,761
2753639,860
2753640,687
2753641,406
2753642,277
2753643,262
2753644,230
2753645,296
2753646,274
2753647,227
2753648,141
2753649,60
2753650,31
2753651,25
2753652,11
2753653,8
2753654,5
2753655,4
2753656,1
2753657,1
2753666,171
2753667,160
2753668,122
2753669,77
2753670,197
2753671,220
2753672,184
2753673,176
2753674,188
2753675,128
2753676,102
2753677,96
2753678,126
2753679,89
2753680,41
2753681,13
2753682,7
2753683,7
2753684,5
2753685,5
2753686,4
2753687,4
2753825,9
2753827,2
2753828,4
2753829,1
2753830,4
2753831,3
2753832,5
2753833,3
2753834,3
2753843,2
2753844,2
2753857,3145
2753858,3296
2753859,3134
2753860,2040
2753861,2168
2753862,1834
2753863,2311
2753864,2090
2753865,1495
2753866,787
2753867,592
2753868,428
2753869,366
2753870,340
2753871,251
2753872,142
2753873,72
2753874,38
2753875,28
2753876,10
2753877,7
2753878,12
2753879,9
2753880,6
2753881,6
2753882,4
2819105,1088
2819106,2059
2819107,2601
2819108,2510
2819109,2566
2819110,2440
2819111,2454
2819112,2508
2819113,2235
2819114,1793
2819115,1839
2819116,1116
2819117,861
2819118,685
2819119,566
2819120,381
2819121,325
2819122,277
2819123,136
2819124,91
2819125,69
2819126,26
2819127,9
2819128,2
2819129,3
2819130,3
2819131,2
2819133,2
2819137,1562
2819138,2552
2819139,2819
2819140,2759
2819141,2811
2819142,2787
2819143,2670
2819144,2670
2819145,2546
2819146,2386
2819147,2165
2819148,1642
2819149,1005
2819150,1055
2819151,934
2819152,486
2819153,410
2819154,306
2819155,165
2819156,63
2819157,31
2819158,12
2819159,8
2819160,3
2819161,2
2819162,2
2819163,2
2819169,128
2819170,581
2819171,820
2819172,984
2819173,931
2819174,916
2819175,721
2819176,687
2819177,670
2819178,685
2819179,560
2819180,390
2819181,206
2819182,173
2819183,169
2819184,153
2819185,100
2819186,49
2819187,12
2819188,7
2819189,2
2819190,3
2819194,2
2819201,206
2819202,135
2819203,210
2819204,304
2819205,327
2819206,321
2819207,259
2819208,286
2819209,316
2819210,192
2819211,237
2819212,154
2819213,108
2819214,52
2819215,53
2819216,58
2819217,36
2819218,10
2819219,3
2819220,3
2819221,8
2819222,1
2819362,2
2819364,8
2819365,9
2819366,4
2819367,5
2819368,4
2819369,4
2819370,7
2819371,3
2819372,3
2819373,3
2819376,2
2819378,2
2819381,2
2819385,2
2819393,3390
2819394,3389
2819395,3376
2819396,3383
2819397,3373
2819398,3201
2819399,2933
2819400,2590
2819401,2153
2819402,1961
2819403,1587
2819404,968
2819405,672
2819406,456
2819407,355
2819408,203
2819409,149
2819410,129
2819411,80
2819412,47
2819413,19
2819414,13
2819415,8
2819416,3
2819417,1
2819418,1
2819425,3388
2819426,3374
2819427,3380
2819428,3376
2819429,3213
2819430,3300
2819431,3028
2819432,2727
2819433,2162
2819434,1565
2819435,1385
2819436,1153
2819437,497
2819438,343
2819439,192
2819440,88
2819441,105
2819442,36
2819443,17
2819444,24
2819445,3
2819446,3
2819447,3
2819448,2
31523880,1
31523885,1
31523911,2
31523912,1
31523915,1
31524162,1
31524163,2
31524165,1
31524167,1
31524168,1
31524169,2
31524170,2
31524173,1
31524174,1
31524193,2
31524195,2
31524196,1
31524197,2
31524198,1
31524199,1
31524200,2
31524202,2
31524203,2
31524204,1
31524934,1
31524966,1
31525186,1
31525188,1
31525190,1
31525218,1
31525931,1
31525932,1
31525961,1
31525964,1
31526182,1
31526222,1
3212324,2
3212327,1
3212328,1
3212335,3
3212336,2
3212354,5
3212355,1
3212356,3
3212357,3
3212366,3
3212367,5
3212418,1
3212614,3
3212615,3
3212616,3
3212617,5
3212618,6
3212619,1
3212620,1
3212622,2
3212625,2
3212626,2
3212644,3
3212645,3
3212646,3
3212647,5
3212648,6
3212649,3
3212650,4
3212651,5
3212652,5
3212653,2
3212654,2
3212656,2
3212659,2
3277858,15
3277859,181
3277860,846
3277861,703
3277862,126
3277863,180
3277864,134
3277865,150
3277866,102
3277867,64
3277868,118
3277869,202
3277870,149
3277871,78
3277872,82
3277873,40
3277874,6
3277875,1
3277876,1
3277877,2
3277889,25
3277890,18
3277891,705
3277892,756
3277893,154
3277894,154
3277895,70
3277896,98
3277897,645
3277898,651
3277899,630
3277900,280
3277901,326
3277902,225
3277903,121
3277904,23
3277905,13
3277906,2
3277907,2
3277921,2
3277922,2
3277924,1
3277925,6
3277926,44
3277927,57
3277928,26
3277929,36
3277930,73
3277931,119
3277932,152
3277933,110
3277934,34
3277935,5
3277936,3
3277937,1
3277953,18
3277956,1
3277957,3
3277958,42
3277959,56
3277960,23
3277961,6
3277962,26
3277963,65
3277964,62
3277965,29
3277966,7
3277967,4
3277968,7
3277969,5
3277970,1
3278146,878
3278147,898
3278148,888
3278149,877
3278150,632
3278151,37
3278152,44
3278153,61
3278154,50
3278155,48
3278156,47
3278157,41
3278158,35
3278159,31
3278160,25
3278161,11
3278162,4
3278177,886
3278178,888
3278179,880
3278180,894
3278181,884
3278182,743
3278183,776
3278184,709
3278185,76
3278186,72
3278187,66
3278188,56
3278189,82
3278190,46
3278191,18
3278192,14
3278194,2
3278195,4
3278369,6
3278382,2
3278383,2
3278401,857
3278405,1
3278406,1
3278407,1
3278408,3
3278409,4
3278410,1
3278413,2
3278414,6
3278415,4
35849249,111
35849250,76
35849251,109
35849252,66
35849253,23
35849254,97
35849255,104
35849256,60
35849257,36
35849258,35
35849259,62
35849260,63
35849261,44
35849262,27
35849263,17
35849264,11
35849265,14
35849266,11
35849267,10
35849268,6
35849269,7
35849270,4
35849272,1
35849275,1
35849281,228
35849282,204
35849283,142
35849284,71
35849285,80
35849286,50
35849287,118
35849288,86
35849289,52
35849290,49
35849291,58
35849292,38
35849293,36
35849294,25
35849295,16
35849296,12
35849297,13
35849298,15
35849299,10
35849300,3
35849301,2
35849302,2
35849303,2
35849304,2
35849313,3
35849314,6
35849315,3
35849316,2
35849317,12
35849318,17
35849319,5
35849320,8
35849321,15
35849322,15
35849323,2
35849324,1
35849325,3
35849331,1
35849332,2
35849333,1
35849345,3
35849346,1
35849347,4
35849348,4
35849349,2
35849351,9
35849352,11
35849354,1
35849355,1
35849356,5
35849359,4
35849360,4
35849361,4
35849362,4
35849507,3
35849511,3
35849512,2
35849513,1
35849514,2
35849515,1
35849517,3
35849518,1
35849537,13
35849538,53
35849539,35
35849540,63
35849541,132
35849542,163
35849543,150
35849544,100
35849545,91
35849546,88
35849547,44
35849548,38
35849549,64
35849550,50
35849551,22
35849552,8
35849553,13
35849554,13
35849555,12
35849556,10
35849557,2
35849558,1
35849569,113
35849570,150
35849571,210
35849572,203
35849573,202
35849574,189
35849575,128
35849576,155
35849577,133
35849578,116
35849579,74
35849580,61
35849581,22
35849582,19
35849583,47
35849584,16
35849585,13
35849586,11
35849587,2
35849588,2
35849589,4
35849590,2
35849593,2
35849797,1
35849798,1
35849801,6
35849802,24
35849803,19
35849804,1
35850274,3
35850277,7
35850278,1
35850279,23
35850281,11
35850282,9
35850283,2
35850287,6
35850288,17
35850305,15
35850306,15
35850308,2
35850309,26
35850310,4
35850311,10
35850312,8
35850313,33
35850314,18
35850315,28
35850316,9
35850318,2
35850320,3
35850321,3
35850323,1
35850337,114
35850338,89
35850339,6
35850340,46
35850341,46
35850342,66
35850343,54
35850344,2
35850345,30
35850346,37
35850347,22
35850348,8
35850349,17
35850350,5
35850351,1
35850352,7
35850353,4
35850354,1
35850355,5
35850356,4
35850357,1
35850562,16
35850563,100
35850564,64
35850565,86
35850566,64
35850567,44
35850568,46
35850569,53
35850570,30
35850571,35
35850572,27
35850573,11
35850574,33
35850575,14
35850576,2
35850577,7
35850578,5
35850579,2
35850580,2
35850593,7
35850594,5
35850596,2
35850597,18
35850598,11
35850600,14
35850601,7
35850602,2
35850603,3
35850604,1
35850605,2
35850606,2
35850607,2
35850608,2
35850797,1
35851297,33
35851298,25
35851299,48
35851300,59
35851301,49
35851302,9
35851303,7
35851304,14
35851305,18
35851306,14
35851307,26
35851308,20
35851309,13
35851310,11
35851311,11
35851312,4
35851313,4
35851314,5
35851315,5
35851316,4
35851319,1
35851322,1
35851329,97
35851330,64
35851331,14
35851332,68
35851333,58
35851334,68
35851335,21
35851336,41
35851337,44
35851338,30
35851339,28
35851340,27
35851341,15
35851342,15
35851343,18
35851344,15
35851345,10
35851346,8
35851347,3
35851351,1
35851354,1
35851554,15
35851555,90
35851556,99
35851557,16
35851558,85
35851559,73
35851560,14
35851561,15
35851562,24
35851563,48
35851564,26
35851565,12
35851566,11
35851567,10
35851568,9
35851569,11
35851570,7
35851571,2
35851575,2
35851578,2
35851588,2
35851589,2
35851594,1
35852321,1
35852322,2
35852323,1
35852324,2
35852325,15
35852326,17
35852328,9
35852329,24
35852330,2
35852331,4
35852332,3
35852334,1
35854466,1
35854467,1
35854468,1
35854469,1
35855490,3
35855491,4
35855492,1
35855493,19
35855494,4
35855497,2
35855498,3
35855682,1
35855688,1
35855690,2
35856421,3
35856422,5
35856424,3
35856426,7
35856427,1
35856428,1
35865697,20
35865698,16
35865699,57
35865700,13
35865701,10
35865702,14
35865703,11
35865704,14
35865705,13
35865706,13
35865707,11
35865708,11
35865709,11
35865710,11
35865711,11
35914785,56
35914786,11
35914787,3
35914788,47
35914789,46
35914790,29
35914792,7
35914793,20
35914794,2
35914795,9
35914796,23
35914797,10
35914798,11
35914800,10
35914801,6
35914802,1
35914817,11
35914818,68
35914819,57
35914820,57
35914821,68
35914822,57
35914823,15
35914824,17
35914825,20
35914826,10
35914827,25
35914828,13
35914829,1
35914833,4
35914850,1
35914853,1
35914854,1
35914855,5
35914856,2
35914882,2
35914885,4
35914888,1
35914896,4
35915047,1
35915052,1
35915075,45
35915077,11
35915078,22
35915079,11
35915080,12
35915081,14
35915082,13
35915083,15
35915084,2
35915085,2
35915086,1
35915087,1
35915088,1
35915105,68
35915106,68
35915107,56
35915108,54
35915109,14
35915110,4
35915111,16
35915112,9
35915113,21
35915114,2
35915116,11
35915118,9
35915119,6
35915331,1
35915844,3
35915846,1
35915848,11
35915849,1
35915850,11
35915875,13
35915876,51
35915879,14
35915880,10
35915881,1
35915882,1
35915883,5
35915888,1
35916098,11
35916100,11
35916103,2
35916111,2
35916112,2
35916142,2
35916324,1
35916833,12
35916834,2
35916835,48
35916838,43
35916839,3
35916840,1
35916841,2
35916842,2
35916846,11
35916847,1
35916850,4
35916865,23
35916866,45
35916867,46
35916868,1
35916869,9
35916870,12
35916871,13
35916873,1
35916875,1
35916877,12
35916878,6
35916879,10
35916880,1
35916881,1
35917090,12
35917091,12
35917092,45
35917093,43
35917094,14
35917095,1
35917096,2
35917097,4
35917098,20
35917099,2
35917103,9
35917104,5
35917123,2
35931233,12
35931234,46
35931235,45
35931238,1
35931239,1
35931240,11
35931241,1
35931242,11
35931244,11
35931245,11
35931246,9
4260898,6
4260899,8
4260900,484
4260901,26
4260902,124
4260903,15
4260904,121
4260905,208
4260906,694
4260907,54
4260908,370
4260909,162
4260910,85
4260911,91
4260912,46
4260913,35
4260914,85
4260915,104
4260916,32
4260917,39
4260918,31
4260919,4
4260920,1
4260922,1
4260929,18
4260930,25
4260931,18
4260932,30
4260933,51
4260934,124
4260935,205
4260936,62
4260937,870
4260938,383
4260939,200
4260940,71
4260941,92
4260942,88
4260943,564
4260944,554
4260945,112
4260946,197
4260947,185
4260948,98
4260949,20
4260950,10
4260951,2
4260952,2
4260961,11
4260962,9
4260963,1
4260964,11
4260965,208
4260966,12
4260967,45
4260968,43
4260969,11
4260970,25
4260971,18
4260972,40
4260973,22
4260974,13
4260975,31
4260976,45
4260977,65
4260978,77
4260979,28
4260980,4
4260981,1
4260982,1
4260993,6
4260994,2
4260995,1
4260996,2
4260997,2
4260999,25
4261000,22
4261001,4
4261002,13
4261003,12
4261004,36
4261005,20
4261006,8
4261007,3
4261008,27
4261009,38
4261010,18
4261011,5
4261012,1
4261013,2
4261014,3
4261015,1
4261159,1
4261160,1
4261186,863
4261187,1115
4261188,97
4261189,606
4261190,345
4261191,456
4261192,579
4261193,447
4261194,926
4261195,672
4261196,96
4261197,75
4261198,54
4261199,30
4261200,25
4261201,15
4261202,19
4261203,17
4261204,23
4261205,17
4261206,6
4261217,1542
4261218,283
4261219,729
4261220,1507
4261221,599
4261222,602
4261223,1512
4261224,992
4261225,1046
4261226,409
4261227,672
4261228,731
4261229,650
4261230,65
4261231,40
4261232,40
4261233,9
4261234,39
4261235,26
4261236,3
4261237,10
4261428,2
4261443,1
4261444,2
4261445,773
4261446,772
4261447,2
4261448,5
4261449,2
4261450,4
4261453,2
4261454,7
4261455,6
4261456,2
4261459,2
4261460,3
4261927,4
4261928,14
4261929,8
4261930,3
4261931,9
4261932,10
4261934,1
4261935,1
4261937,3
4261939,1
4261940,3
4326433,161
4326434,289
4326435,108
4326436,279
4326437,108
4326438,519
4326439,126
4326440,115
4326441,144
4326442,401
4326443,305
4326444,351
4326445,108
4326446,68
4326447,74
4326448,66
4326449,45
4326450,59
4326451,23
4326452,7
4326453,7
4326454,5
4326455,1
4326465,482
4326466,332
4326467,268
4326468,184
4326469,279
4326470,221
4326471,376
4326472,390
4326473,629
4326474,483
4326475,584
4326476,550
4326477,225
4326478,72
4326479,114
4326480,73
4326481,46
4326482,52
4326483,34
4326484,21
4326485,5
4326497,79
4326498,42
4326499,52
4326500,26
4326501,52
4326502,21
4326503,35
4326504,47
4326505,175
4326506,102
4326507,164
4326508,98
4326509,25
4326510,12
4326511,20
4326512,2
4326513,24
4326514,13
4326515,9
4326516,1
4326529,9
4326530,22
4326531,11
4326532,29
4326533,42
4326534,43
4326535,9
4326536,17
4326537,22
4326538,43
4326539,2
4326540,44
4326541,7
4326542,13
4326543,8
4326544,2
4326545,7
4326546,5
4326547,1
4326548,1
4326549,1
4326550,1
4326694,2
4326698,1
4326705,2
4326721,4
4326722,1223
4326723,1392
4326724,1088
4326725,954
4326726,590
4326727,462
4326728,452
4326729,455
4326730,330
4326731,471
4326732,240
4326733,168
4326734,101
4326735,91
4326736,84
4326737,69
4326738,57
4326739,34
4326740,9
4326741,7
4326742,5
4326743,1
4326744,1
4326753,1458
4326754,840
4326755,1298
4326756,1382
4326757,1425
4326758,995
4326759,1060
4326760,954
4326761,915
4326762,630
4326763,264
4326764,208
4326765,260
4326766,131
4326767,120
4326768,113
4326769,29
4326770,19
4326771,16
4326772,2
4326773,1
4326947,2
4326953,1
4326977,1
4326978,6
4326979,6
4326981,55
4326982,68
4326983,15
4326984,71
4326985,64
4326986,9
4326987,13
4326988,16
4326989,17
4326990,18
4326991,8
4326996,1
4327457,2
4327458,2
4327459,6
4327460,19
4327461,14
4327462,363
4327463,9
4327464,30
4327465,15
4327466,63
4327467,28
4327468,9
4327469,13
4327470,55
4327471,5
4327472,2
4327473,12
4327474,7
4327475,10
4327476,7
4327490,469
4327491,17
4327492,41
4327493,36
4327494,69
4327495,10
4327496,36
4327497,49
4327498,8
4327499,23
4327500,5
4327501,12
4327502,4
4327503,1
4327504,5
4327505,2
4327506,3
4327508,1
4391969,479
4391970,816
4391971,232
4391972,431
4391973,578
4391974,661
4391975,231
4391976,410
4391977,234
4391978,664
4391979,492
4391980,429
4391981,443
4391982,144
4391983,208
4391984,61
4391985,68
4391986,51
4391987,44
4391988,54
4391989,25
4391990,10
4391991,6
4391992,4
4391993,2
4391995,1
4392001,2361
4392002,2385
4392003,683
4392004,700
4392005,1036
4392006,1001
4392007,420
4392008,190
4392009,974
4392010,224
4392011,319
4392012,537
4392013,153
4392014,68
4392015,85
4392016,93
4392017,92
4392018,74
4392019,43
4392020,66
4392021,51
4392022,17
4392023,7
4392024,1
4392033,312
4392034,327
4392035,400
4392036,153
4392037,269
4392038,66
4392039,45
4392040,20
4392041,13
4392042,13
4392043,59
4392044,18
4392045,6
4392046,4
4392047,13
4392048,25
4392049,24
4392050,11
4392051,34
4392052,22
4392053,4
4392054,1
4392065,22
4392066,54
4392067,141
4392068,55
4392069,42
4392070,58
4392071,17
4392072,41
4392073,10
4392074,6
4392075,12
4392076,7
4392077,10
4392078,1
4392081,3
4392082,4
4392084,1
4392085,3
4392086,1
4392227,3
4392236,3
4392237,2
4392257,43
4392258,437
4392259,1842
4392260,1620
4392261,1378
4392262,1865
4392263,1562
4392264,1628
4392265,804
4392266,622
4392267,1197
4392268,1088
4392269,478
4392270,565
4392271,518
4392272,205
4392273,108
4392274,85
4392275,61
4392276,38
4392277,30
4392278,16
4392279,9
4392280,5
4392289,2298
4392290,2157
4392291,2212
4392292,2024
4392293,2115
4392294,1759
4392295,1868
4392296,1933
4392297,1755
4392298,1238
4392299,1036
4392300,500
4392301,983
4392302,348
4392303,246
4392304,468
4392305,152
4392306,96
4392307,47
4392308,28
4392309,15
4392310,7
4392311,1
4392312,1
4392313,1
4392483,4
4392486,2
4392493,3
4392514,7
4392515,151
4392516,142
4392517,5
4392518,46
4392519,78
4392520,612
4392521,593
4392522,19
4392523,347
4392524,408
4392525,81
4392526,30
4392527,28
4392528,17
4392529,1
4392531,1
4392532,1
4392995,9
4392996,6
4392997,10
4392998,11
4392999,17
4393000,192
4393001,144
4393002,25
4393003,113
4393004,73
4393005,50
4393006,545
4393007,14
4393008,9
4393009,313
4393010,58
4393011,16
4393012,11
4393013,14
4393014,1
4393017,1
4393025,4
4393026,32
4393027,163
4393028,82
4393029,109
4393030,221
4393031,68
4393032,466
4393033,204
4393034,537
4393035,136
4393036,128
4393037,30
4393038,133
4393039,18
4393040,37
4393041,45
4393042,19
4393043,4
4393044,2
4393045,2
4393058,58
4393059,633
4393060,576
4393061,111
4393062,66
4393063,51
4393064,132
4393065,40
4393066,51
4393067,9
4393068,11
4393069,8
4393070,4
4393071,34
4393072,34
4393073,7
4393074,28
4393075,36
4393076,9
4393077,4
4393078,2
4393080,1
4457537,1
4457538,1
4457540,1
4457541,1
4457545,1
4457546,1
4457547,1
4457551,1
4457554,1
4457576,1
4457582,1
4457585,1
4457794,1
4457797,1
4457798,1
4457799,1
4457800,1
4457825,1
4457827,1
4457828,1
4457829,1
4457830,1
4457833,1
4457836,1
4457837,1
4457839,1
4457840,1
4457842,1
4458542,1
4458567,1
4458570,1
4458572,1
4458573,1
4458576,1
4785219,1
4785220,1
4785221,1
4785224,1
4785225,1
4785226,1
4785229,1
4785231,1
4785232,1
4785254,1
4785260,1
4785263,1
4785475,1
4785477,1
4785478,1
4785479,1
4785480,1
4785488,1
4785491,1
4785492,1
4785493,1
4785494,1
4785505,2
4785506,1
4785507,1
4785508,1
4785509,1
4785510,1
4785511,2
4785512,1
4785514,1
4785515,1
4785517,1
4785518,1
4785519,1
4785520,1
4785521,1
4785522,1
4785523,1
4786210,1
4786242,1
4786247,1
4786248,1
4786251,1
4786254,1
4786274,1
4786318,1
4850721,1
4850722,843
4850723,1405
4850724,1446
4850725,1094
4850726,1388
4850727,871
4850728,1478
4850729,1036
4850730,1034
4850731,736
4850732,671
4850733,546
4850734,422
4850735,270
4850736,211
4850737,224
4850738,107
4850739,88
4850740,89
4850741,36
4850742,16
4850743,3
4850744,5
4850753,1
4850754,954
4850755,1688
4850756,2230
4850757,1827
4850758,1798
4850759,2026
4850760,1453
4850761,1606
4850762,1318
4850763,1216
4850764,734
4850765,979
4850766,858
4850767,476
4850768,430
4850769,359
4850770,217
4850771,75
4850772,38
4850773,31
4850774,15
4850775,3
4850785,1
4850786,282
4850787,491
4850788,315
4850789,641
4850790,306
4850791,335
4850792,230
4850793,191
4850794,208
4850795,223
4850796,246
4850797,196
4850798,115
4850799,115
4850800,96
4850801,46
4850802,27
4850803,9
4850804,3
4850805,1
4850806,3
4850818,55
4850819,49
4850820,79
4850821,107
4850822,108
4850823,118
4850824,150
4850825,87
4850826,102
4850827,129
4850828,78
4850829,32
4850830,40
4850831,52
4850832,32
4850833,12
4850834,4
4850835,3
4850836,4
4850837,1
4850980,3
4850981,1
4850982,2
4850983,2
4850984,2
4850985,4
4850987,2
4850989,2
4851009,2604
4851010,2642
4851011,3281
4851012,2863
4851013,2618
4851014,2928
4851015,2786
4851016,2518
4851017,1729
4851018,896
4851019,755
4851020,421
4851021,453
4851022,320
4851023,229
4851024,109
4851025,44
4851026,34
4851027,28
4851028,13
4851029,6
4851030,7
4851031,10
4851032,6
4851033,5
4851034,1
4851041,3290
4851042,3293
4851043,3267
4851044,2990
4851045,3245
4851046,2815
4851047,2947
4851048,2595
4851049,2040
4851050,1823
4851051,1284
4851052,613
4851053,443
4851054,286
4851055,182
4851056,158
4851057,58
4851058,22
4851059,35
4851060,13
4851061,6
4851062,5
4851063,1
4851237,1
4851239,1
4851241,4
4851243,4
4851244,1
4851245,5
4851247,2
4851250,2
4851266,19
4851267,858
4851268,863
4851269,53
4851270,69
4851271,36
4851272,29
4851273,26
4851274,29
4851275,24
4851276,29
4851277,30
4851278,16
4851279,18
4851280,7
4851281,3
4851282,4
4851746,1482
4851747,20
4851748,573
4851749,42
4851750,448
4851751,81
4851752,137
4851753,1208
4851754,95
4851755,69
4851756,41
4851757,20
4851758,10
4851759,11
4851760,4
4851761,19
4851762,10
4851763,4
4851764,6
4851765,7
4851777,18
4851778,695
4851779,613
4851780,601
4851781,200
4851782,1063
4851783,289
4851784,754
4851785,429
4851786,335
4851787,310
4851788,149
4851789,67
4851790,41
4851791,40
4851792,38
4851793,33
4851794,25
4851795,7
4851796,5
4851797,2
4851798,1
4851809,3
4851810,1504
4851811,312
4851812,1499
4851813,512
4851814,549
4851815,923
4851816,501
4851817,926
4851818,624
4851819,382
4851820,834
4851821,233
4851822,130
4851823,438
4851824,154
4851825,83
4851826,55
4851827,62
4851828,37
4851829,6
4851830,3
4851831,4
4852003,1
4852004,1
4852007,1
4852033,330
4852034,2853
4852035,912
4852036,1523
4852037,645
4852038,694
4852039,1638
4852040,509
4852041,647
4852042,187
4852043,116
4852044,95
4852045,68
4852046,80
4852047,61
4852048,19
4852049,6
4852050,7
4852051,7
4852053,1
4852054,1
4852055,2
4852056,2
4852057,1
4916257,158
4916258,207
4916259,55
4916260,139
4916261,78
4916262,91
4916263,168
4916264,128
4916265,87
4916266,53
4916267,88
4916268,35
4916269,54
4916270,15
4916271,7
4916272,8
4916273,6
4916274,2
4916275,13
4916276,13
4916277,3
4916278,1
4916279,4
4916289,220
4916290,365
4916291,330
4916292,127
4916293,421
4916294,486
4916295,207
4916296,88
4916297,70
4916298,86
4916299,89
4916300,90
4916301,23
4916302,8
4916303,13
4916304,22
4916305,32
4916306,23
4916307,8
4916308,7
4916309,7
4916321,375
4916322,51
4916323,21
4916324,41
4916325,19
4916326,149
4916327,41
4916328,15
4916329,6
4916330,7
4916331,17
4916332,3
4916333,3
4916339,1
4916353,3
4916354,31
4916355,5
4916356,34
4916357,8
4916358,4
4916359,13
4916360,4
4916361,2
4916362,9
4916363,1
4916364,3
4916365,2
4916366,1
4916515,1
4916545,419
4916546,652
4916547,551
4916548,689
4916549,847
4916550,582
4916551,419
4916552,328
4916553,308
4916554,103
4916555,59
4916556,121
4916557,125
4916558,69
4916559,51
4916560,9
4916561,2
4916563,2
4916564,3
4916565,3
4916566,1
4916577,1071
4916578,1036
4916579,971
4916580,639
4916581,697
4916582,678
4916583,581
4916584,280
4916585,322
4916586,116
4916587,162
4916588,53
4916589,37
4916590,56
4916591,24
4916592,19
4916593,5
4916594,5
4916595,3
4916775,1
4916802,1
4916803,1
4916804,4
4916805,3
4916806,16
4916807,8
4916808,6
4916810,1
4916811,17
4916812,21
4916813,1
4917282,1
4917283,10
4917284,284
4917285,34
4917286,3
4917287,21
4917288,39
4917289,17
4917290,7
4917291,5
4917292,3
4917293,1
4917294,1
4917296,3
4917297,14
4917313,1
4917314,40
4917315,67
4917316,32
4917317,41
4917318,36
4917319,23
4917320,205
4917321,60
4917322,187
4917323,54
4917324,3
4917325,10
4917327,2
4917328,10
4917329,3
4917330,1
4917331,1
4917345,3
4917346,2
4917347,87
4917348,479
4917349,26
4917350,82
4917351,27
4917352,21
4917353,46
4917354,18
4917355,18
4917356,12
4917357,6
4917358,6
4917359,13
4917360,10
4917361,6
4917362,9
4917363,14
4917364,4
4917366,4
4917569,593
4917570,955
4917571,163
4917572,677
4917573,193
4917574,138
4917575,165
4917576,216
4917577,165
4917578,44
4917579,11
4917580,24
4917581,28
4917582,45
4917583,18
4917584,2
4917588,1
4917602,23
4917603,1
4917604,4
4917605,8
4917606,10
4917607,6
4917608,10
4917609,6
4917610,2
4917611,2
5309475,15
5309477,4
5309478,2
5309479,2
5309480,3
5309481,4
5309482,13
5309483,8
5309484,13
5309485,5
5309486,2
5309487,5
5309488,5
5309489,7
5309494,1
5309506,17
5309507,12
5309508,3
5309509,11
5309510,11
5309511,1
5309512,1
5309513,5
5309514,11
5309515,11
5309516,10
5309517,7
5309518,3
5309519,4
5309520,8
5309521,2
5309522,1
5309541,1
5309544,2
5309545,4
5309546,1
5309550,1
5309553,1
5309570,17
5309582,1
5309763,25
5309764,45
5309765,34
5309766,17
5309767,18
5309768,11
5309769,21
5309770,34
5309771,34
5309772,30
5309773,23
5309774,6
5309775,12
5309776,7
5309777,7
5309778,4
5309779,4
5309794,30
5309795,36
5309796,20
5309797,35
5309798,39
5309799,30
5309800,55
5309801,46
5309802,40
5309803,27
5309804,28
5309805,14
5309806,19
5309807,17
5309808,2
5309809,4
5309812,4
5310017,65
5310022,1
5310023,1
5310024,1
5310025,3
5310026,4
5310027,1
5310031,4
5310032,4
5310504,2
5310505,5
5310506,2
5310507,4
5310510,1
5310511,3
5310512,3
5310513,2
5310517,3
5310530,1
5310531,4
5310532,6
5310534,2
5310535,10
5310536,1
5310537,4
5310538,2
5310539,4
5310540,2
5310542,2
5310549,1
5310564,8
5310565,1
5310566,1
5310567,7
5310568,5
5310569,2
5310570,7
5310571,4
5310572,2
5310574,1
5310575,3
5310576,1
5310787,5
5310788,4
5310789,5
5310790,17
5310791,21
5310792,16
5310793,17
5310794,20
5310795,20
5310796,4
5310797,6
5310798,19
5310799,4
5310800,5
5310802,1
5310803,4
5310819,1
5310821,3
5310822,2
5310823,11
5310824,5
5310825,6
5310827,1
5310829,4
5310830,1
5311017,1
6358050,104
6358051,96
6358052,97
6358053,155
6358054,55
6358055,76
6358056,134
6358057,132
6358058,111
6358059,100
6358060,245
6358061,86
6358062,108
6358063,106
6358064,66
6358065,21
6358066,23
6358067,11
6358068,15
6358069,5
6358070,2
6358071,7
6358072,5
6358074,1
6358075,2
6358076,1
6358078,1
6358081,326
6358082,268
6358083,215
6358084,157
6358085,161
6358086,74
6358087,94
6358088,194
6358089,182
6358090,170
6358091,299
6358092,309
6358093,155
6358094,114
6358095,94
6358096,52
6358097,34
6358098,35
6358099,15
6358100,9
6358101,6
6358102,2
6358103,3
6358104,2
6358106,1
6358107,1
6358108,1
6358113,60
6358114,54
6358115,22
6358116,27
6358117,5
6358118,23
6358119,47
6358120,41
6358121,31
6358122,17
6358123,33
6358124,32
6358125,32
6358126,9
6358127,4
6358128,4
6358129,7
6358130,3
6358131,2
6358133,1
6358139,1
6358145,108
6358146,19
6358148,1
6358149,3
6358150,4
6358152,1
6358153,2
6358154,2
6358155,5
6358156,1
6358157,9
6358158,3
6358160,4
6358161,4
6358311,3
6358312,1
6358317,3
6358319,1
6358330,1
6358338,214
6358339,461
6358340,476
6358341,284
6358342,290
6358343,382
6358344,341
6358345,336
6358346,252
6358347,252
6358348,172
6358349,135
6358350,121
6358351,118
6358352,91
6358353,81
6358354,38
6358355,17
6358356,19
6358357,10
6358358,5
6358359,6
6358360,6
6358361,6
6358362,1
6358363,1
6358369,293
6358370,475
6358371,407
6358372,555
6358373,617
6358374,483
6358375,611
6358376,548
6358377,549
6358378,345
6358379,265
6358380,281
6358381,192
6358382,143
6358383,75
6358384,97
6358385,52
6358386,37
6358387,38
6358388,6
6358389,8
6358390,9
6358391,6
6358392,2
6358393,2
6358595,1
6358599,26
6358600,29
6358601,14
6358602,14
6358603,25
6358604,47
6358605,43
6358606,40
6358607,20
6358608,1
6358609,5
6358610,4
6359075,2
6359079,58
6359080,33
6359081,19
6359082,13
6359083,21
6359084,12
6359085,28
6359086,10
6359087,14
6359088,4
6359089,27
6359090,20
6359091,14
6359092,19
6359094,1
6359095,4
6359107,25
6359108,28
6359109,18
6359110,43
6359111,29
6359112,19
6359113,25
6359114,72
6359115,29
6359116,9
6359117,27
6359118,1
6359119,5
6359121,2
6359122,1
6359123,5
6359124,1
6359137,5
6359138,3
6359139,102
6359140,80
6359141,75
6359142,68
6359143,79
6359144,46
6359145,63
6359146,205
6359147,61
6359148,36
6359149,64
6359150,38
6359151,16
6359152,14
6359153,20
6359154,2
6359156,1
6359157,2
6359158,1
6359185,1
6359187,1
6359343,1
6359345,1
6359362,2
6359363,34
6359364,44
6359365,158
6359366,332
6359367,196
6359368,361
6359369,211
6359370,271
6359371,142
6359372,102
6359373,91
6359374,45
6359375,76
6359376,42
6359377,36
6359378,30
6359379,1
6359380,1
6359381,8
6359393,9
6359395,12
6359396,7
6359397,10
6359398,74
6359399,46
6359400,79
6359401,38
6359402,20
6359403,3
6359404,7
6359405,9
6359406,2
6359407,5
6359408,3
6359409,2
6359588,1
6359595,2
6359596,1
6359597,3
6359598,3
6359599,1
6360098,5
6360099,6
6360100,46
6360101,2
6360102,10
6360103,43
6360104,6
6360105,3
6360106,4
6360107,4
6360109,23
6360110,11
6360111,14
6360112,3
6360113,1
6360114,8
6360115,8
6360116,3
6360117,1
6360122,1
6423585,902
6423586,199
6423587,627
6423588,154
6423589,123
6423590,146
6423591,125
6423592,279
6423593,600
6423594,154
6423595,415
6423596,304
6423597,191
6423598,398
6423599,292
6423600,152
6423601,125
6423602,41
6423603,26
6423604,35
6423605,8
6423606,38
6423607,44
6423608,9
6423609,2
6423610,2
6423611,3
6423612,1
6423614,1
6423617,1600
6423618,1565
6423619,451
6423620,240
6423621,338
6423622,339
6423623,363
6423624,862
6423625,861
6423626,464
6423627,405
6423628,646
6423629,275
6423630,308
6423631,203
6423632,115
6423633,68
6423634,68
6423635,53
6423636,93
6423637,64
6423638,23
6423639,11
6423640,11
6423641,9
6423642,3
6423643,2
6423644,1
6423649,189
6423650,102
6423651,104
6423652,76
6423653,62
6423654,27
6423655,55
6423656,308
6423657,69
6423658,77
6423659,65
6423660,42
6423661,39
6423662,50
6423663,26
6423664,16
6423665,11
6423667,2
6423668,3
6423669,4
6423670,10
6423671,3
6423675,1
6423681,69
6423682,18
6423683,6
6423684,5
6423685,12
6423686,11
6423687,22
6423688,26
6423689,37
6423690,33
6423691,33
6423692,10
6423693,19
6423694,23
6423695,4
6423696,3
6423697,4
6423698,2
6423700,1
6423701,5
6423847,1
6423849,4
6423850,5
6423851,2
6423852,3
6423854,3
6423856,2
6423866,1
6423874,669
6423875,831
6423876,409
6423877,421
6423878,1137
6423879,1071
6423880,1507
6423881,1484
6423882,1037
6423883,1001
6423884,535
6423885,346
6423886,284
6423887,457
6423888,371
6423889,138
6423890,118
6423891,81
6423892,27
6423893,14
6423894,14
6423895,9
6423896,8
6423897,2
6423905,1069
6423906,710
6423907,551
6423908,1913
6423909,1578
6423910,2021
6423911,1911
6423912,1463
6423913,1380
6423914,1379
6423915,922
6423916,1137
6423917,482
6423918,507
6423919,199
6423920,146
6423921,225
6423922,100
6423923,64
6423924,51
6423925,15
6423926,4
6423927,1
6423928,2
6423929,2
6423932,2
6424103,1
6424112,3
6424131,4
6424132,2
6424134,67
6424135,77
6424136,21
6424137,39
6424138,46
6424139,41
6424140,57
6424141,37
6424142,47
6424143,70
6424144,31
6424145,2
6424146,1
6424611,14
6424612,4
6424614,3
6424615,47
6424616,38
6424617,37
6424618,41
6424619,323
6424620,72
6424621,44
6424622,21
6424623,47
6424624,15
6424625,29
6424626,24
6424627,12
6424628,34
6424629,21
6424630,1
6424641,2
6424642,15
6424643,77
6424644,67
6424645,306
6424646,44
6424647,112
6424648,50
6424649,112
6424650,85
6424651,480
6424652,38
6424653,542
6424654,72
6424655,38
6424656,50
6424657,5
6424658,6
6424659,24
6424660,8
6424661,13
6424662,3
6424673,30
6424674,167
6424675,1363
6424676,216
6424677,41
6424678,122
6424679,640
6424680,98
6424681,86
6424682,317
6424683,271
6424684,53
6424685,86
6424686,106
6424687,27
6424688,36
6424689,7
6424690,34
6424691,44
6424692,7
6424693,28
6424694,39
6424695,11
6424696,3
6424697,1
6424698,1
6424706,1
6424707,1
6424871,1
6424872,1
6424876,1
6424881,1
6424898,374
6424899,68
6424900,197
6424901,1309
6424902,525
6424903,1689
6424904,541
6424905,587
6424906,568
6424907,432
6424908,295
6424909,250
6424910,116
6424911,139
6424912,126
6424913,51
6424914,54
6424915,45
6424916,13
6424917,5
6424918,3
6424919,5
6424930,5
6424931,24
6424932,11
6424933,133
6424934,214
6424935,380
6424936,29
6424937,43
6424938,32
6424939,8
6424940,20
6424941,15
6424942,4
6424943,6
6424944,2
6424946,3
6424947,3
6424948,1
6424949,1
6424950,2
6425124,4
6425125,2
6425127,5
6425128,1
6425129,2
6425130,4
6425131,3
6425132,2
6425133,6
6425134,5
6425135,2
6425136,2
6425137,1
6425138,1
6425139,1
6425634,26
6425635,64
6425636,210
6425637,50
6425638,54
6425639,23
6425640,55
6425641,69
6425642,111
6425643,83
6425644,44
6425645,184
6425646,67
6425647,49
6425648,46
6425649,24
6425650,4
6425651,17
6425652,8
6425653,2
6425654,3
6425655,5
6425658,1
6425661,1
6425666,25
6425667,99
6425668,41
6425669,54
6425670,52
6425671,105
6425672,7
6425673,40
6425674,447
6425675,40
6425676,47
6425677,267
6425678,53
6425679,19
6425680,24
6425681,15
6425682,20
6425683,10
6425684,2
6425685,3
6425686,3
6425687,2
6425688,1
6425690,1
6425693,1
6882338,350
6882339,392
6882340,330
6882341,248
6882342,378
6882343,341
6882344,267
6882345,285
6882346,717
6882347,172
6882348,427
6882349,303
6882350,140
6882351,127
6882352,80
6882353,156
6882354,96
6882355,28
6882356,14
6882357,10
6882358,8
6882359,1
6882360,3
6882361,2
6882362,2
6882363,3
6882364,2
6882366,2
6882370,230
6882371,1414
6882372,1285
6882373,482
6882374,579
6882375,464
6882376,451
6882377,861
6882378,279
6882379,632
6882380,650
6882381,374
6882382,224
6882383,138
6882384,37
6882385,100
6882386,85
6882387,26
6882388,7
6882389,10
6882390,9
6882391,5
6882392,5
6882393,3
6882394,2
6882395,2
6882396,2
6882402,62
6882403,209
6882404,192
6882405,180
6882406,159
6882407,67
6882408,25
6882409,39
6882410,53
6882411,179
6882412,97
6882413,24
6882414,18
6882415,21
6882416,5
6882417,24
6882418,6
6882419,5
6882421,3
6882427,2
6882434,31
6882435,38
6882436,36
6882437,63
6882438,66
6882439,20
6882440,35
6882441,18
6882442,36
6882443,12
6882444,39
6882445,2
6882446,12
6882447,9
6882448,9
6882449,6
6882450,8
6882597,5
6882599,1
6882601,1
6882603,3
6882604,2
6882605,1
6882606,3
6882609,2
6882618,2
6882625,13
6882626,94
6882627,1221
6882628,1910
6882629,1199
6882630,666
6882631,913
6882632,1598
6882633,680
6882634,535
6882635,1234
6882636,977
6882637,506
6882638,280
6882639,168
6882640,135
6882641,98
6882642,97
6882643,116
6882644,62
6882645,24
6882646,11
6882647,6
6882648,3
6882649,3
6882650,1
6882651,1
6882657,2088
6882658,1327
6882659,1984
6882660,896
6882661,1749
6882662,1993
6882663,2014
6882664,1355
6882665,1406
6882666,1741
6882667,662
6882668,528
6882669,918
6882670,229
6882671,339
6882672,151
6882673,94
6882674,87
6882675,20
6882676,21
6882677,19
6882678,3
6882679,3
6882680,3
6882681,2
6882853,2
6882856,2
6882883,1
6882884,2
6882885,3
6882886,6
6882887,51
6882888,696
6882889,657
6882890,26
6882891,23
6882892,20
6882893,33
6882894,31
6882895,18
6882896,21
6882897,11
6883362,74
6883363,3
6883364,3
6883365,9
6883366,89
6883367,2
6883368,26
6883369,12
6883370,27
6883371,26
6883372,78
6883373,148
6883374,609
6883375,14
6883376,21
6883377,13
6883378,9
6883379,23
6883380,7
6883381,9
6883382,9
6883394,897
6883395,35
6883396,32
6883397,106
6883398,138
6883399,76
6883400,88
6883401,19
6883402,52
6883403,170
6883404,33
6883405,41
6883406,106
6883407,20
6883408,67
6883409,19
6883410,14
6883411,2
6883412,2
6883413,1
6883414,2
6883426,1205
6883427,77
6883428,126
6883429,615
6883430,205
6883431,178
6883432,103
6883433,107
6883434,551
6883435,144
6883436,140
6883437,85
6883438,81
6883439,17
6883440,85
6883441,15
6883442,7
6883443,1
6883444,3
6883445,1
6883446,2
6883447,3
6883448,1
6883450,1
6883460,1
6883463,1
6883466,1
6883469,1
6883472,1
6883473,1
6883475,1
6883620,1
6883624,1
6883625,1
6883627,1
6883628,1
6883630,1
6883631,1
6883633,1
6883634,1
6883650,107
6883651,55
6883652,518
6883653,443
6883654,422
6883655,942
6883656,801
6883657,1003
6883658,545
6883659,505
6883660,986
6883661,374
6883662,242
6883663,65
6883664,58
6883665,84
6883666,22
6883667,20
6883668,31
6883669,3
6883670,2
6883681,8
6883682,185
6883683,5
6883684,23
6883685,36
6883686,289
6883687,40
6883688,71
6883689,58
6883690,210
6883691,49
6883692,12
6883693,19
6883694,3
6883696,24
6883699,5
6883876,1
6883878,2
6883879,3
6883880,1
6883881,10
6883882,2
6883883,6
6883884,2
6883885,2
6883886,4
6884386,32
6884387,67
6884388,75
6884389,91
6884390,131
6884391,95
6884392,77
6884393,34
6884394,82
6884395,37
6884396,26
6884397,47
6884398,40
6884399,17
6884400,21
6884401,13
6884402,7
6884403,1
6884404,4
6884405,3
6884406,1
6884407,3
6884408,1
6884409,1
6884410,2
6884418,271
6884419,159
6884420,87
6884421,189
6884422,124
6884423,259
6884424,165
6884425,123
6884426,79
6884427,127
6884428,53
6884429,555
6884430,91
6884431,116
6884432,151
6884433,22
6884434,3
6884435,64
6884436,7
6884437,7
6884438,1
6884439,1
6884440,1
6884441,1
6884442,1
6884445,2
6884642,408
6884643,25
6884644,4
6884645,35
6884646,89
6884647,104
6884648,115
6884649,71
6884650,44
6884651,16
6884652,73
6884653,59
6884654,21
6884655,16
6884656,59
6884657,21
6884658,25
6884660,1
6884661,3
6884663,3
6884664,2
6884665,2
69403681,574
69403682,139
69403683,108
69403684,41
69403685,37
69403686,117
69403687,348
69403688,60
69403689,118
69403690,54
69403691,65
69403692,259
69403693,158
69403694,48
69403695,39
69403696,15
69403697,10
69403698,14
69403699,10
69403700,2
69403701,8
69403702,3
69403708,1
69403709,1
69403713,794
69403714,682
69403715,640
69403716,155
69403717,131
69403718,529
69403719,505
69403720,105
69403721,36
69403722,292
69403723,99
69403724,179
69403725,117
69403726,60
69403727,31
69403728,17
69403729,5
69403730,9
69403731,9
69403733,6
69403734,2
69403735,3
69403736,2
69403737,2
69403738,2
69403745,66
69403746,10
69403747,10
69403748,5
69403749,11
69403750,28
69403751,30
69403752,34
69403753,8
69403754,5
69403755,4
69403756,37
69403757,20
69403758,7
69403759,3
69403764,1
69403777,4
69403778,1
69403780,5
69403781,12
69403782,12
69403783,7
69403784,9
69403785,6
69403786,4
69403788,6
69403789,5
69403790,1
69403794,4
69403796,4
69403942,3
69403943,3
69403944,2
69403945,3
69403947,3
69403950,4
69403969,10
69403970,70
69403971,146
69403972,642
69403973,503
69403974,552
69403975,594
69403976,659
69403977,492
69403978,203
69403979,49
69403980,155
69403981,70
69403982,56
69403983,23
69403984,17
69403985,11
69403986,6
69403987,4
69403988,4
69403989,2
69403990,2
69404001,95
69404002,747
69404003,688
69404004,783
69404005,652
69404006,701
69404007,569
69404008,322
69404009,579
69404010,606
69404011,101
69404012,92
69404013,31
69404014,23
69404015,44
69404016,9
69404017,11
69404018,6
69404019,7
69404020,3
69404022,2
69404023,2
69404026,2
69404027,2
69404206,3
69404229,1
69404230,1
69404232,3
69404233,6
69404234,33
69404235,27
69404236,1
69404237,3
69404238,1
69404705,1
69404706,4
69404709,6
69404710,1
69404711,13
69404712,6
69404713,18
69404714,6
69404715,24
69404716,4
69404717,4
69404718,1
69404719,5
69404720,22
69404737,7
69404738,9
69404739,2
69404740,1
69404741,51
69404742,5
69404743,21
69404744,9
69404745,98
69404746,31
69404747,177
69404748,29
69404749,1
69404750,2
69404752,3
69404753,2
69404754,2
69404755,2
69404769,725
69404770,126
69404771,2
69404772,26
69404773,463
69404774,57
69404775,18
69404776,29
69404777,48
69404778,7
69404779,51
69404780,27
69404781,11
69404782,15
69404783,2
69404784,6
69404785,3
69404786,1
69404787,1
69404788,5
69404789,1
69404994,33
69404995,688
69404996,73
69404997,578
69404998,174
69404999,56
69405000,51
69405001,95
69405002,51
69405003,167
69405004,118
69405005,14
69405006,36
69405007,4
69405008,3
69405009,5
69405010,3
69405011,2
69405012,2
69405025,7
69405026,2
69405027,2
69405028,13
69405029,143
69405030,8
69405031,4
69405032,9
69405033,2
69405034,3
69405035,6
69405036,8
69405038,1
69405040,2
69405042,2
69405225,3
69405226,1
69405227,5
69405228,4
69405229,1
69405231,1
69405729,66
69405730,11
69405731,14
69405732,51
69405733,18
69405734,63
69405735,63
69405736,42
69405737,14
69405738,25
69405739,164
69405740,27
69405741,13
69405742,33
69405743,17
69405744,8
69405745,1
69405746,3
69405748,5
69405750,4
69405755,1
69405756,1
69405761,100
69405762,691
69405763,19
69405764,72
69405765,50
69405766,18
69405767,62
69405768,387
69405769,52
69405770,38
69405771,198
69405772,38
69405773,3
69405774,32
69405775,23
69405776,11
69405777,13
69405778,9
69405779,2
69405780,1
69405781,2
69405787,1
69405788,1
69405986,30
69405987,206
69405988,64
69405989,63
69405990,72
69405991,34
69405992,32
69405993,65
69405994,28
69405995,175
69405996,60
69405997,44
69405998,18
69405999,6
69406000,3
69406001,5
69406002,7
69406003,2
69406004,7
69406011,2
69406012,2
69406020,2
69406022,2
69406024,12
69406025,5
69406026,1
69406027,4
69406753,1
69406754,3
69406755,2
69406756,2
69406757,23
69406758,18
69406759,1
69406760,12
69406761,64
69406762,11
69406763,53
69406765,2
69406766,8
69408898,1
69408899,1
69408900,1
69408901,1
69408911,3
69409864,1
69409922,2
69409923,12
69409924,1
69409925,12
69409926,10
69409927,2
69409928,1
69409930,7
69409931,8
69409932,3
69409933,1
69410091,1
69410114,1
69410115,1
69410120,3
69410121,1
69410122,1
69410123,1
69410124,1
69410126,1
69410851,1
69410852,3
69410853,4
69410854,8
69410856,4
69410857,1
69410858,6
69410859,9
69410860,4
69410861,1
69410862,1
69410863,1
69413928,2
69418023,1
69420129,22
69420130,110
69420131,60
69420132,71
69420133,19
69420134,26
69420135,39
69420136,13
69420137,14
69420138,14
69420139,13
69420140,11
69420141,17
69420142,14
69420143,11
69420144,11
69420145,8
69420161,45
69420162,11
69420163,1
69420164,12
69420165,52
69420166,1
69420167,10
69420169,2
69420170,10
69420171,10
69420173,2
69420174,1
69436513,7
69436514,22
69436515,14
69436516,8
69436517,11
69436518,321
69436519,37
69436520,13
69436521,14
69436522,2
69436523,12
69436524,12
69436525,6
69436526,11
69436527,4
69436528,2
69436529,2
69469217,57
69469218,2
69469219,2
69469220,2
69469221,47
69469222,9
69469224,47
69469225,15
69469226,10
69469228,17
69469229,9
69469230,3
69469232,3
69469237,1
69469242,1
69469249,59
69469250,58
69469251,1
69469252,2
69469253,13
69469254,57
69469255,1
69469257,42
69469258,37
69469259,27
69469260,8
69469261,9
69469262,10
69469263,3
69469264,2
69469265,1
69469269,2
69469270,2
69469271,2
69469282,3
69469284,2
69469288,2
69469289,1
69469290,1
69469291,4
69469292,4
69469314,2
69469321,4
69469324,1
69469483,1
69469484,2
69469506,1
69469507,1
69469508,1
69469509,11
69469510,14
69469511,44
69469512,3
69469514,1
69469515,3
69469516,2
69469517,3
69469518,3
69469519,3
69469520,1
69469521,1
69469522,3
69469523,2
69469537,16
69469538,59
69469539,56
69469540,57
69469541,48
69469542,46
69469543,58
69469545,12
69469546,5
69469547,1
69469548,5
69469549,1
69469551,2
69469552,1
69469553,2
69469555,1
69469556,2
69469560,2
69469763,1
69470280,14
69470282,11
69470288,2
69470305,1
69470307,3
69470308,11
69470312,40
69470315,14
69470316,10
69470318,1
69470319,5
69470530,11
69470531,1
69470532,11
69470534,1
69470539,1
69470540,1
69470565,1
69470756,1
69471265,2
69471266,45
69471267,7
69471269,43
69471274,2
69471275,3
69471276,1
69471277,2
69471289,1
69471297,11
69471298,1
69471299,44
69471300,2
69471302,47
69471303,56
69471307,2
69471309,3
69471311,1
69471313,1
69471314,1
69471316,1
69471321,1
69471522,4
69471523,3
69471524,45
69471525,43
69471526,2
69471528,45
69471530,11
69471531,3
69471532,1
69471533,3
69471536,2
69471545,2
69471557,2
6947874,9
6947875,13
6947876,8
6947877,5
6947878,6
6947879,6
6947880,4
6947881,20
6947882,8
6947883,7
6947884,2
6947885,3
6947887,4
6947888,9
6947889,2
6947906,41
6947907,16
6947908,32
6947909,25
6947910,18
6947911,33
6947912,38
6947913,25
6947914,21
6947915,12
6947916,9
6947917,4
6947918,3
6947919,8
6947920,2
6947921,1
6947924,1
6947938,1
6947940,4
6947941,2
6947944,6
6947945,5
6947946,1
6947947,1
6947948,2
6947952,1
6947955,1
6948161,31
6948162,89
6948163,81
6948164,63
6948165,32
6948166,34
6948167,24
6948168,13
6948169,35
6948170,25
6948171,8
6948172,7
6948173,8
6948174,11
6948175,2
6948177,8
6948178,10
6948179,2
6948193,104
6948194,109
6948195,53
6948196,67
6948197,76
6948198,60
6948199,47
6948200,31
6948201,34
6948202,11
6948203,19
6948204,18
6948205,12
6948206,15
6948207,5
6948208,8
6948209,3
6948210,1
6948211,8
6948212,3
6948425,4
6948426,4
6948430,8
6948431,10
6948432,2
69485665,47
69485666,45
69485670,1
69485671,2
69485672,2
69485673,2
69485700,45
6948898,10
6948901,1
6948902,1
6948903,1
6948904,12
6948905,2
6948906,1
6948907,2
6948911,4
6948912,1
6948916,8
6948917,2
6948930,3
6948931,15
6948932,1
6948933,8
6948935,7
6948936,2
6948937,2
6948939,1
6948940,2
6948941,1
6948942,1
6948943,1
6948946,1
6948962,10
6948963,13
6948964,4
6948965,9
6948966,32
6948967,15
6948968,6
6948969,5
6948970,6
6948971,1
6948973,2
6948974,1
6948994,1
6949168,1
6949185,14
6949186,47
6949187,22
6949188,29
6949189,27
6949190,27
6949191,26
6949192,28
6949193,5
6949194,8
6949195,2
6949196,1
6949197,14
6949198,2
6949199,8
6949200,2
6949202,8
6949203,2
6949219,2
6949220,5
6949221,3
6949223,12
6949224,4
6949225,1
6949226,1
6949227,1
6949228,1
6949923,1
6949925,5
6949926,10
6949927,3
6949928,1
6949929,2
6949931,1
6949934,1
6949939,1
6949941,1
6949956,3
6949957,12
6949958,5
6949959,3
6949960,9
6949961,18
6949962,17
6949963,7
6949964,9
6949966,1
6950178,1
6950179,8
6950180,22
6950181,1
6950182,27
6950183,1
6950184,10
6950185,9
6950187,2
6950188,6
6950189,1
6950190,1
6950191,2
6950192,1
6950194,1
6950195,1
6950197,1
69502049,43
69502051,2
69502053,54
69502054,1
69502057,2
69502058,2
69502061,2
6950212,1
8455203,6
8455204,93
8455205,66
8455206,19
8455207,44
8455208,407
8455209,104
8455210,208
8455211,74
8455212,108
8455213,60
8455214,47
8455215,57
8455216,32
8455217,16
8455218,7
8455219,2
8455220,6
8455221,6
8455222,5
8455223,4
8455224,2
8455233,16
8455234,58
8455235,46
8455236,38
8455237,425
8455238,437
8455239,381
8455240,200
8455241,217
8455242,180
8455243,159
8455244,141
8455245,40
8455246,56
8455247,55
8455248,38
8455249,17
8455250,7
8455251,9
8455252,11
8455253,8
8455255,1
8455265,15
8455266,10
8455268,2
8455269,28
8455270,37
8455271,52
8455272,63
8455273,54
8455274,20
8455275,10
8455276,7
8455277,7
8455278,14
8455279,10
8455280,5
8455282,1
8455283,1
8455284,1
8455286,1
8455297,149
8455298,5
8455301,1
8455302,17
8455303,30
8455304,11
8455305,17
8455306,13
8455307,4
8455308,5
8455309,1
8455310,1
8455311,3
8455313,2
8455316,1
8455463,1
8455490,737
8455491,632
8455492,679
8455493,254
8455494,470
8455495,287
8455496,317
8455497,587
8455498,578
8455499,248
8455500,154
8455501,138
8455502,113
8455503,100
8455504,62
8455505,45
8455506,13
8455507,4
8455508,3
8455509,2
8455510,1
8455521,743
8455522,733
8455523,700
8455524,766
8455525,721
8455526,694
8455527,494
8455528,701
8455529,481
8455530,285
8455531,488
8455532,244
8455533,207
8455534,130
8455535,52
8455536,30
8455537,20
8455538,16
8455539,12
8455540,1
8455541,2
8455719,1
8455722,2
8455747,3
8455748,2
8455749,3
8455750,353
8455751,374
8455752,38
8455753,17
8455754,5
8455755,3
8455756,5
8455757,7
8455758,14
8455759,11
8455760,1
8455761,1
8456227,2
8456228,3
8456229,2
8456230,6
8456231,11
8456232,21
8456233,21
8456234,99
8456235,6
8456236,317
8456237,25
8456238,27
8456239,15
8456240,13
8456241,3
8456242,4
8456243,3
8456244,7
8456246,1
8456259,28
8456260,170
8456261,61
8456262,72
8456263,57
8456264,15
8456265,14
8456266,15
8456267,29
8456268,43
8456269,35
8456270,7
8456271,12
8456272,2
8456273,3
8456275,1
8456276,2
8456277,1
8456290,1
8456291,20
8456292,404
8456293,24
8456294,52
8456295,253
8456296,112
8456297,33
8456298,123
8456299,15
8456300,8
8456301,64
8456302,12
8456303,22
8456305,9
8456306,7
8456307,5
8456308,3
8456309,1
8456310,4
8456311,1
8456514,8
8456515,122
8456516,102
8456517,418
8456518,249
8456519,474
8456520,248
8456521,188
8456522,528
8456523,116
8456524,115
8456525,53
8456526,74
8456527,45
8456528,40
8456529,45
8456530,12
8456531,2
8456532,1
8456534,1
8456546,1
8456547,25
8456548,5
8456549,39
8456550,77
8456551,48
8456552,8
8456553,5
8456554,29
8456555,16
8456556,18
8456557,12
8456558,8
8456559,2
8456560,1
8456561,2
8456740,3
8456741,1
8456742,1
8456747,3
8456748,1
8456749,1
8457251,31
8457252,6
8457253,1
8457254,1
8457255,15
8457256,14
8457257,11
8457258,25
8457259,10
8457260,3
8457261,8
8457262,3
8457263,3
8457264,1
8457265,4
8457266,2
8457268,1
8457269,1
8457282,12
8457283,91
8457284,7
8457285,12
8457286,5
8457287,69
8457288,16
8457289,33
8457290,121
8457291,35
8457292,29
8457293,79
8457294,12
8457295,7
8457296,24
8457297,10
8457298,10
8457299,7
8457300,1
8457301,2
8457302,2
8457507,4
8457508,410
8457509,32
8457510,96
8457511,53
8457512,46
8457513,47
8457514,99
8457515,9
8457516,26
8457517,32
8457518,3
8457519,41
8457520,5
8457521,13
8457522,2
8457523,11
8457524,2
8457525,1
8457526,2
8457539,1
8457540,3
8457541,2
8457544,1
8457546,7
8457547,1
8457549,3
8457552,2
8458274,164
8458275,6
8458276,83
8458277,2
8458278,1
8458279,2
8458280,2
8458281,4
8458282,4
8458283,5
8458284,5
8458285,4
8458286,13
8458287,1
8458288,3
8458290,1
